participant,stimulus,timestamp_ms,x,y,screen_w,screen_h
P02,stim_B_02.png,16,521,132,1536,738
P02,stim_B_02.png,51,531,134,1536,738
P02,stim_B_02.png,83,538,136,1536,738
P02,stim_B_02.png,120,544,137,1536,738
P02,stim_B_02.png,154,551,138,1536,738
P02,stim_B_02.png,189,552,138,1536,738
P02,stim_B_02.png,226,556,139,1536,738
P02,stim_B_02.png,265,557,139,1536,738
P02,stim_B_02.png,304,562,140,1536,738
P02,stim_B_02.png,338,567,141,1536,738
P02,stim_B_02.png,372,567,141,1536,738
P02,stim_B_02.png,408,566,140,1536,738
P02,stim_B_02.png,447,565,140,1536,738
P02,stim_B_02.png,480,560,139,1536,738
P02,stim_B_02.png,515,558,138,1536,738
P02,stim_B_02.png,549,552,137,1536,738
P02,stim_B_02.png,585,552,137,1536,738
P02,stim_B_02.png,619,551,136,1536,738
P02,stim_B_02.png,654,547,135,1536,738
P02,stim_B_02.png,688,547,135,1536,738
P02,stim_B_02.png,722,543,134,1536,738
P02,stim_B_02.png,765,541,134,1536,738
P02,stim_B_02.png,799,541,134,1536,738
P02,stim_B_02.png,834,544,135,1536,738
P02,stim_B_02.png,868,548,136,1536,738
P02,stim_B_02.png,902,546,135,1536,738
P02,stim_B_02.png,935,545,135,1536,738
P02,stim_B_02.png,968,540,134,1536,738
P02,stim_B_02.png,1002,545,135,1536,738
P02,stim_B_02.png,1038,538,133,1536,738
P02,stim_B_02.png,1073,541,134,1536,738
P02,stim_B_02.png,1107,544,135,1536,738
P02,stim_B_02.png,1143,545,135,1536,738
P02,stim_B_02.png,1178,548,136,1536,738
P02,stim_B_02.png,1211,551,137,1536,738
P02,stim_B_02.png,1246,549,136,1536,738
P02,stim_B_02.png,1279,548,136,1536,738
P02,stim_B_02.png,1313,547,135,1536,738
P02,stim_B_02.png,1347,547,136,1536,738
P02,stim_B_02.png,1384,546,135,1536,738
P02,stim_B_02.png,1419,544,135,1536,738
P02,stim_B_02.png,1452,551,136,1536,738
P02,stim_B_02.png,1484,553,137,1536,738
P02,stim_B_02.png,1517,555,137,1536,738
P02,stim_B_02.png,1550,567,140,1536,738
P02,stim_B_02.png,1583,575,142,1536,738
P02,stim_B_02.png,1617,583,144,1536,738
P02,stim_B_02.png,1649,590,145,1536,738
P02,stim_B_02.png,1683,596,147,1536,738
P02,stim_B_02.png,1717,600,148,1536,738
P02,stim_B_02.png,1752,600,148,1536,738
P02,stim_B_02.png,1787,589,146,1536,738
P02,stim_B_02.png,1820,581,143,1536,738
P02,stim_B_02.png,1854,573,141,1536,738
P02,stim_B_02.png,1887,567,140,1536,738
P02,stim_B_02.png,1924,563,139,1536,738
P02,stim_B_02.png,1962,549,136,1536,738
P02,stim_B_02.png,1996,538,133,1536,738
P02,stim_B_02.png,2031,534,132,1536,738
P02,stim_B_02.png,2064,527,131,1536,738
P02,stim_B_02.png,2098,523,130,1536,738
P02,stim_B_02.png,2132,517,128,1536,738
P02,stim_B_02.png,2164,507,126,1536,738
P02,stim_B_02.png,2197,499,124,1536,738
P02,stim_B_02.png,2230,491,122,1536,738
P02,stim_B_02.png,2265,486,121,1536,738
P02,stim_B_02.png,2301,480,119,1536,738
P02,stim_B_02.png,2334,467,116,1536,738
P02,stim_B_02.png,2368,465,115,1536,738
P02,stim_B_02.png,2402,468,116,1536,738
P02,stim_B_02.png,2435,465,115,1536,738
P02,stim_B_02.png,2468,460,114,1536,738
P02,stim_B_02.png,2503,456,113,1536,738
P02,stim_B_02.png,2536,456,113,1536,738
P02,stim_B_02.png,2571,456,113,1536,738
P02,stim_B_02.png,2605,464,115,1536,738
P02,stim_B_02.png,2640,476,118,1536,738
P02,stim_B_02.png,2673,491,122,1536,738
P02,stim_B_02.png,2713,498,123,1536,738
P02,stim_B_02.png,2747,509,126,1536,738
P02,stim_B_02.png,2784,517,128,1536,738
P02,stim_B_02.png,2818,503,124,1536,738
P02,stim_B_02.png,2851,479,119,1536,738
P02,stim_B_02.png,2883,460,114,1536,738
P02,stim_B_02.png,2916,445,110,1536,738
P02,stim_B_02.png,2948,419,104,1536,738
P02,stim_B_02.png,2983,399,99,1536,738
P02,stim_B_02.png,3017,400,99,1536,738
P02,stim_B_02.png,3052,425,105,1536,738
P02,stim_B_02.png,3086,453,112,1536,738
P02,stim_B_02.png,3120,474,117,1536,738
P02,stim_B_02.png,3152,492,122,1536,738
P02,stim_B_02.png,3186,511,127,1536,738
P02,stim_B_02.png,3219,520,129,1536,738
P02,stim_B_02.png,3253,528,131,1536,738
P02,stim_B_02.png,3287,537,133,1536,738
P02,stim_B_02.png,3323,542,134,1536,738
P02,stim_B_02.png,3363,546,136,1536,738
P02,stim_B_02.png,3396,541,134,1536,738
P02,stim_B_02.png,3431,541,134,1536,738
P02,stim_B_02.png,3467,543,135,1536,738
P02,stim_B_02.png,3503,538,134,1536,738
P02,stim_B_02.png,3537,537,133,1536,738
P02,stim_B_02.png,3574,532,132,1536,738
P02,stim_B_02.png,3607,527,131,1536,738
P02,stim_B_02.png,3650,517,128,1536,738
P02,stim_B_02.png,3686,471,117,1536,738
P02,stim_B_02.png,3725,435,108,1536,738
P02,stim_B_02.png,3761,396,98,1536,738
P02,stim_B_02.png,3797,370,91,1536,738
P02,stim_B_02.png,3834,347,86,1536,738
P02,stim_B_02.png,3869,363,90,1536,738
P02,stim_B_02.png,3905,387,96,1536,738
P02,stim_B_02.png,3942,412,102,1536,738
P02,stim_B_02.png,3978,438,108,1536,738
P02,stim_B_02.png,4011,465,115,1536,738
P02,stim_B_02.png,4046,490,121,1536,738
P02,stim_B_02.png,4078,511,126,1536,738
P02,stim_B_02.png,4145,526,130,1536,738
P02,stim_B_02.png,4224,538,133,1536,738
P02,stim_B_02.png,4275,549,136,1536,738
P02,stim_B_02.png,4310,558,138,1536,738
P02,stim_B_02.png,4368,563,140,1536,738
P02,stim_B_02.png,4417,568,141,1536,738
P02,stim_B_02.png,4478,562,139,1536,738
P02,stim_B_02.png,4567,560,139,1536,738
P02,stim_B_02.png,4627,555,138,1536,738
P02,stim_B_02.png,4677,555,138,1536,738
P02,stim_B_02.png,4763,553,137,1536,738
P02,stim_B_02.png,4796,554,137,1536,738
P02,stim_B_02.png,4839,555,138,1536,738
P02,stim_B_02.png,4874,549,136,1536,738
P02,stim_B_02.png,4936,549,136,1536,738
P02,stim_B_02.png,4995,549,136,1536,738
P02,stim_B_02.png,5038,549,136,1536,738
P02,stim_B_02.png,5074,547,136,1536,738
P02,stim_B_02.png,5135,545,135,1536,738
P02,stim_B_02.png,5179,543,135,1536,738
P02,stim_B_02.png,5210,545,135,1536,738
P02,stim_B_02.png,5242,540,134,1536,738
P02,stim_B_02.png,5277,543,135,1536,738
P02,stim_B_02.png,5310,544,135,1536,738
P02,stim_B_02.png,5346,541,134,1536,738
P02,stim_B_02.png,5378,535,132,1536,738
P02,stim_B_02.png,5413,529,131,1536,738
P02,stim_B_02.png,5447,518,128,1536,738
P02,stim_B_02.png,5482,522,129,1536,738
P02,stim_B_02.png,5517,521,129,1536,738
P02,stim_B_02.png,5549,521,129,1536,738
P02,stim_B_02.png,5584,518,128,1536,738
P02,stim_B_02.png,5618,517,128,1536,738
P02,stim_B_02.png,5651,522,129,1536,738
P02,stim_B_02.png,5686,521,129,1536,738
P02,stim_B_02.png,5719,523,130,1536,738
P02,stim_B_02.png,5758,529,131,1536,738
P02,stim_B_02.png,5791,529,131,1536,738
P02,stim_B_02.png,5825,535,132,1536,738
P02,stim_B_02.png,5859,538,133,1536,738
P02,stim_B_02.png,5891,540,134,1536,738
P02,stim_B_02.png,5927,538,133,1536,738
P02,stim_B_02.png,5962,543,135,1536,738
P02,stim_B_02.png,5995,547,136,1536,738
P02,stim_A_02.png,32,526,131,1536,738
P02,stim_A_02.png,64,531,132,1536,738
P02,stim_A_02.png,98,531,132,1536,738
P02,stim_A_02.png,132,535,133,1536,738
P02,stim_A_02.png,166,537,133,1536,738
P02,stim_A_02.png,198,535,133,1536,738
P02,stim_A_02.png,230,531,132,1536,738
P02,stim_A_02.png,263,533,132,1536,738
P02,stim_A_02.png,296,535,133,1536,738
P02,stim_A_02.png,333,534,132,1536,738
P02,stim_A_02.png,365,539,134,1536,738
P02,stim_A_02.png,400,544,135,1536,738
P02,stim_A_02.png,435,546,135,1536,738
P02,stim_A_02.png,468,544,135,1536,738
P02,stim_A_02.png,501,538,133,1536,738
P02,stim_A_02.png,533,537,133,1536,738
P02,stim_A_02.png,568,532,132,1536,738
P02,stim_A_02.png,602,523,130,1536,738
P02,stim_A_02.png,633,515,127,1536,738
P02,stim_A_02.png,666,509,126,1536,738
P02,stim_A_02.png,703,513,127,1536,738
P02,stim_A_02.png,735,505,125,1536,738
P02,stim_A_02.png,769,501,124,1536,738
P02,stim_A_02.png,802,497,123,1536,738
P02,stim_A_02.png,837,499,123,1536,738
P02,stim_A_02.png,868,496,123,1536,738
P02,stim_A_02.png,901,500,124,1536,738
P02,stim_A_02.png,935,512,127,1536,738
P02,stim_A_02.png,969,523,129,1536,738
P02,stim_A_02.png,1003,533,132,1536,738
P02,stim_A_02.png,1037,542,134,1536,738
P02,stim_A_02.png,1071,554,137,1536,738
P02,stim_A_02.png,1105,563,140,1536,738
P02,stim_A_02.png,1138,566,140,1536,738
P02,stim_A_02.png,1172,572,142,1536,738
P02,stim_A_02.png,1205,577,143,1536,738
P02,stim_A_02.png,1240,577,143,1536,738
P02,stim_A_02.png,1272,578,143,1536,738
P02,stim_A_02.png,1304,575,142,1536,738
P02,stim_A_02.png,1337,575,142,1536,738
P02,stim_A_02.png,1371,572,141,1536,738
P02,stim_A_02.png,1406,571,141,1536,738
P02,stim_A_02.png,1438,567,140,1536,738
P02,stim_A_02.png,1471,561,139,1536,738
P02,stim_A_02.png,1505,557,138,1536,738
P02,stim_A_02.png,1539,557,138,1536,738
P02,stim_A_02.png,1573,556,138,1536,738
P02,stim_A_02.png,1606,554,138,1536,738
P02,stim_A_02.png,1639,553,137,1536,738
P02,stim_A_02.png,1673,550,136,1536,738
P02,stim_A_02.png,1707,545,135,1536,738
P02,stim_A_02.png,1742,538,133,1536,738
P02,stim_A_02.png,1781,528,131,1536,738
P02,stim_A_02.png,1813,526,130,1536,738
P02,stim_A_02.png,1861,523,130,1536,738
P02,stim_A_02.png,1899,522,129,1536,738
P02,stim_A_02.png,1935,521,129,1536,738
P02,stim_A_02.png,1969,517,128,1536,738
P02,stim_A_02.png,2002,519,129,1536,738
P02,stim_A_02.png,2035,522,129,1536,738
P02,stim_A_02.png,2070,526,130,1536,738
P02,stim_A_02.png,2102,529,131,1536,738
P02,stim_A_02.png,2137,529,131,1536,738
P02,stim_A_02.png,2171,533,132,1536,738
P02,stim_A_02.png,2206,534,132,1536,738
P02,stim_A_02.png,2239,529,131,1536,738
P02,stim_A_02.png,2273,533,132,1536,738
P02,stim_A_02.png,2306,538,133,1536,738
P02,stim_A_02.png,2339,536,133,1536,738
P02,stim_A_02.png,2373,537,133,1536,738
P02,stim_A_02.png,2406,541,134,1536,738
P02,stim_A_02.png,2439,541,134,1536,738
P02,stim_A_02.png,2472,543,134,1536,738
P02,stim_A_02.png,2507,542,134,1536,738
P02,stim_A_02.png,2542,536,133,1536,738
P02,stim_A_02.png,2573,526,130,1536,738
P02,stim_A_02.png,2606,512,127,1536,738
P02,stim_A_02.png,2640,520,129,1536,738
P02,stim_A_02.png,2673,528,130,1536,738
P02,stim_A_02.png,2705,531,131,1536,738
P02,stim_A_02.png,2738,538,133,1536,738
P02,stim_A_02.png,2771,543,134,1536,738
P02,stim_A_02.png,2805,547,135,1536,738
P02,stim_A_02.png,2838,552,136,1536,738
P02,stim_A_02.png,2869,559,138,1536,738
P02,stim_A_02.png,2903,570,141,1536,738
P02,stim_A_02.png,2938,569,141,1536,738
P02,stim_A_02.png,2972,567,140,1536,738
P02,stim_A_02.png,3005,573,141,1536,738
P02,stim_A_02.png,3040,573,141,1536,738
P02,stim_A_02.png,3074,574,141,1536,738
P02,stim_A_02.png,3108,574,142,1536,738
P02,stim_A_02.png,3143,578,143,1536,738
P02,stim_A_02.png,3182,589,145,1536,738
P02,stim_A_02.png,3213,595,147,1536,738
P02,stim_A_02.png,3245,595,147,1536,738
P02,stim_A_02.png,3281,596,147,1536,738
P02,stim_A_02.png,3312,595,147,1536,738
P02,stim_A_02.png,3347,594,147,1536,738
P02,stim_A_02.png,3380,592,146,1536,738
P02,stim_A_02.png,3412,586,145,1536,738
P02,stim_A_02.png,3447,585,144,1536,738
P02,stim_A_02.png,3482,576,142,1536,738
P02,stim_A_02.png,3514,567,140,1536,738
P02,stim_A_02.png,3546,559,138,1536,738
P02,stim_A_02.png,3583,551,136,1536,738
P02,stim_A_02.png,3616,554,137,1536,738
P02,stim_A_02.png,3649,543,135,1536,738
P02,stim_A_02.png,3681,543,135,1536,738
P02,stim_A_02.png,3713,548,136,1536,738
P02,stim_A_02.png,3746,549,136,1536,738
P02,stim_A_02.png,3779,546,135,1536,738
P02,stim_A_02.png,3814,540,134,1536,738
P02,stim_A_02.png,3848,538,133,1536,738
P02,stim_A_02.png,3883,536,133,1536,738
P02,stim_A_02.png,3916,527,131,1536,738
P02,stim_A_02.png,3949,520,129,1536,738
P02,stim_A_02.png,3981,518,128,1536,738
P02,stim_A_02.png,4014,519,128,1536,738
P02,stim_A_02.png,4046,519,129,1536,738
P02,stim_A_02.png,4079,516,128,1536,738
P02,stim_A_02.png,4114,519,128,1536,738
P02,stim_A_02.png,4147,522,129,1536,738
P02,stim_A_02.png,4180,521,129,1536,738
P02,stim_A_02.png,4213,523,130,1536,738
P02,stim_A_02.png,4246,521,129,1536,738
P02,stim_A_02.png,4279,523,130,1536,738
P02,stim_A_02.png,4313,522,129,1536,738
P02,stim_A_02.png,4346,525,130,1536,738
P02,stim_A_02.png,4382,528,131,1536,738
P02,stim_A_02.png,4422,529,131,1536,738
P02,stim_A_02.png,4455,529,131,1536,738
P02,stim_A_02.png,4489,531,131,1536,738
P02,stim_A_02.png,4524,524,130,1536,738
P02,stim_A_02.png,4557,530,131,1536,738
P02,stim_A_02.png,4590,535,132,1536,738
P02,stim_A_02.png,4623,535,132,1536,738
P02,stim_A_02.png,4657,542,134,1536,738
P02,stim_A_02.png,4690,549,136,1536,738
P02,stim_A_02.png,4724,547,135,1536,738
P02,stim_A_02.png,4760,552,136,1536,738
P02,stim_A_02.png,4797,546,135,1536,738
P02,stim_A_02.png,4832,530,131,1536,738
P02,stim_A_02.png,4863,535,132,1536,738
P02,stim_A_02.png,4897,542,134,1536,738
P02,stim_A_02.png,4930,551,136,1536,738
P02,stim_A_02.png,4962,553,136,1536,738
P02,stim_A_02.png,4996,556,137,1536,738
P02,stim_A_02.png,5029,556,137,1536,738
P02,stim_A_02.png,5063,563,139,1536,738
P02,stim_A_02.png,5097,568,140,1536,738
P02,stim_A_02.png,5131,574,142,1536,738
P02,stim_A_02.png,5167,569,140,1536,738
P02,stim_A_02.png,5199,574,142,1536,738
P02,stim_A_02.png,5232,574,142,1536,738
P02,stim_A_02.png,5267,582,144,1536,738
P02,stim_A_02.png,5300,579,143,1536,738
P02,stim_A_02.png,5332,580,143,1536,738
P02,stim_A_02.png,5365,581,143,1536,738
P02,stim_A_02.png,5399,583,144,1536,738
P02,stim_A_02.png,5432,581,143,1536,738
P02,stim_A_02.png,5466,583,144,1536,738
P02,stim_A_02.png,5500,585,145,1536,738
P02,stim_A_02.png,5534,582,144,1536,738
P02,stim_A_02.png,5567,580,144,1536,738
P02,stim_A_02.png,5599,581,144,1536,738
P02,stim_A_02.png,5631,578,143,1536,738
P02,stim_A_02.png,5664,575,142,1536,738
P02,stim_A_02.png,5697,567,140,1536,738
P02,stim_A_02.png,5729,563,139,1536,738
P02,stim_A_02.png,5762,562,139,1536,738
P02,stim_A_02.png,5796,559,138,1536,738
P02,stim_A_02.png,5831,552,137,1536,738
P02,stim_A_02.png,5866,546,135,1536,738
P02,stim_A_02.png,5899,537,133,1536,738
P02,stim_A_02.png,5932,524,130,1536,738
P02,stim_A_02.png,5966,515,128,1536,738
P02,stim_A_02.png,5998,513,127,1536,738
P02,stim_B_03.png,13,539,134,1536,738
P02,stim_B_03.png,48,536,133,1536,738
P02,stim_B_03.png,82,537,133,1536,738
P02,stim_B_03.png,114,542,134,1536,738
P02,stim_B_03.png,147,549,136,1536,738
P02,stim_B_03.png,181,551,136,1536,738
P02,stim_B_03.png,215,548,136,1536,738
P02,stim_B_03.png,247,546,135,1536,738
P02,stim_B_03.png,282,540,134,1536,738
P02,stim_B_03.png,315,535,133,1536,738
P02,stim_B_03.png,347,533,132,1536,738
P02,stim_B_03.png,510,538,133,1536,738
P02,stim_B_03.png,555,541,134,1536,738
P02,stim_B_03.png,604,542,134,1536,738
P02,stim_B_03.png,677,536,133,1536,738
P02,stim_B_03.png,712,542,134,1536,738
P02,stim_B_03.png,767,548,136,1536,738
P02,stim_B_03.png,869,548,136,1536,738
P02,stim_B_03.png,912,545,135,1536,738
P02,stim_B_03.png,974,546,135,1536,738
P02,stim_B_03.png,1033,545,135,1536,738
P02,stim_B_03.png,1078,545,135,1536,738
P02,stim_B_03.png,1128,533,132,1536,738
P02,stim_B_03.png,1172,534,132,1536,738
P02,stim_B_03.png,1210,535,133,1536,738
P02,stim_B_03.png,1241,531,132,1536,738
P02,stim_B_03.png,1300,527,130,1536,738
P02,stim_B_03.png,1394,518,128,1536,738
P02,stim_B_03.png,1430,515,127,1536,738
P02,stim_B_03.png,1480,520,129,1536,738
P02,stim_B_03.png,1531,520,128,1536,738
P02,stim_B_03.png,1576,520,129,1536,738
P02,stim_B_03.png,1626,519,128,1536,738
P02,stim_B_03.png,1672,519,128,1536,738
P02,stim_B_03.png,1731,521,129,1536,738
P02,stim_B_03.png,1767,523,129,1536,738
P02,stim_B_03.png,1828,530,131,1536,738
P02,stim_B_03.png,1872,531,131,1536,738
P02,stim_B_03.png,1907,538,133,1536,738
P02,stim_B_03.png,1940,544,135,1536,738
P02,stim_B_03.png,2006,545,135,1536,738
P02,stim_B_03.png,2040,548,136,1536,738
P02,stim_B_03.png,2074,550,136,1536,738
P02,stim_B_03.png,2110,547,136,1536,738
P02,stim_B_03.png,2164,544,135,1536,738
P02,stim_B_03.png,2219,546,135,1536,738
P02,stim_B_03.png,2281,544,135,1536,738
P02,stim_B_03.png,2332,540,134,1536,738
P02,stim_B_03.png,2425,540,134,1536,738
P02,stim_B_03.png,2483,543,135,1536,738
P02,stim_B_03.png,2558,544,135,1536,738
P02,stim_B_03.png,2611,546,135,1536,738
P02,stim_B_03.png,2672,547,136,1536,738
P02,stim_B_03.png,2724,547,136,1536,738
P02,stim_B_03.png,2785,549,136,1536,738
P02,stim_B_03.png,2885,544,135,1536,738
P02,stim_B_03.png,2954,533,132,1536,738
P02,stim_B_03.png,2988,546,135,1536,738
P02,stim_B_03.png,3022,560,138,1536,738
P02,stim_B_03.png,3084,562,139,1536,738
P02,stim_B_03.png,3141,573,141,1536,738
P02,stim_B_03.png,3207,586,145,1536,738
P02,stim_B_03.png,3263,592,146,1536,738
P02,stim_B_03.png,3299,591,146,1536,738
P02,stim_B_03.png,3334,587,145,1536,738
P02,stim_B_03.png,3370,584,144,1536,738
P02,stim_B_03.png,3406,582,144,1536,738
P02,stim_B_03.png,3444,574,142,1536,738
P02,stim_B_03.png,3481,565,140,1536,738
P02,stim_B_03.png,3515,561,139,1536,738
P02,stim_B_03.png,3548,555,137,1536,738
P02,stim_B_03.png,3584,541,134,1536,738
P02,stim_B_03.png,3618,539,133,1536,738
P02,stim_B_03.png,3656,531,132,1536,738
P02,stim_B_03.png,3692,523,130,1536,738
P02,stim_B_03.png,3730,514,128,1536,738
P02,stim_B_03.png,3765,504,125,1536,738
P02,stim_B_03.png,3797,492,122,1536,738
P02,stim_B_03.png,3831,480,119,1536,738
P02,stim_B_03.png,3863,480,119,1536,738
P02,stim_B_03.png,3897,485,120,1536,738
P02,stim_B_03.png,3931,486,121,1536,738
P02,stim_B_03.png,3964,489,121,1536,738
P02,stim_B_03.png,3998,494,123,1536,738
P02,stim_B_03.png,4031,498,124,1536,738
P02,stim_B_03.png,4063,507,126,1536,738
P02,stim_B_03.png,4099,510,127,1536,738
P02,stim_B_03.png,4131,513,127,1536,738
P02,stim_B_03.png,4165,513,127,1536,738
P02,stim_B_03.png,4198,517,128,1536,738
P02,stim_B_03.png,4231,522,130,1536,738
P02,stim_B_03.png,4263,519,129,1536,738
P02,stim_B_03.png,4298,515,128,1536,738
P02,stim_B_03.png,4331,511,127,1536,738
P02,stim_B_03.png,4365,516,128,1536,738
P02,stim_B_03.png,4398,522,129,1536,738
P02,stim_B_03.png,4433,522,129,1536,738
P02,stim_B_03.png,4466,517,128,1536,738
P02,stim_B_03.png,4499,516,128,1536,738
P02,stim_B_03.png,4531,518,128,1536,738
P02,stim_B_03.png,4563,520,129,1536,738
P02,stim_B_03.png,4600,525,130,1536,738
P02,stim_B_03.png,4632,530,131,1536,738
P02,stim_B_03.png,4668,536,133,1536,738
P02,stim_B_03.png,4702,535,133,1536,738
P02,stim_B_03.png,4735,533,132,1536,738
P02,stim_B_03.png,4769,531,131,1536,738
P02,stim_B_03.png,4802,539,133,1536,738
P02,stim_B_03.png,4834,536,133,1536,738
P02,stim_B_03.png,4867,535,133,1536,738
P02,stim_B_03.png,4900,532,132,1536,738
P02,stim_B_03.png,4934,536,133,1536,738
P02,stim_B_03.png,4968,532,132,1536,738
P02,stim_B_03.png,5003,531,132,1536,738
P02,stim_B_03.png,5036,526,130,1536,738
P02,stim_B_03.png,5069,527,131,1536,738
P02,stim_B_03.png,5101,527,131,1536,738
P02,stim_B_03.png,5135,526,130,1536,738
P02,stim_B_03.png,5173,524,130,1536,738
P02,stim_B_03.png,5209,518,128,1536,738
P02,stim_B_03.png,5240,521,129,1536,738
P02,stim_B_03.png,5272,522,130,1536,738
P02,stim_B_03.png,5305,524,130,1536,738
P02,stim_B_03.png,5340,528,131,1536,738
P02,stim_B_03.png,5373,528,131,1536,738
P02,stim_B_03.png,5407,529,131,1536,738
P02,stim_B_03.png,5440,529,131,1536,738
P02,stim_B_03.png,5473,527,130,1536,738
P02,stim_B_03.png,5509,528,131,1536,738
P02,stim_B_03.png,5542,523,129,1536,738
P02,stim_B_03.png,5574,522,129,1536,738
P02,stim_B_03.png,5607,523,130,1536,738
P02,stim_B_03.png,5641,523,129,1536,738
P02,stim_B_03.png,5678,521,129,1536,738
P02,stim_B_03.png,5712,521,129,1536,738
P02,stim_B_03.png,5753,516,128,1536,738
P02,stim_B_03.png,5786,515,128,1536,738
P02,stim_B_03.png,5819,518,129,1536,738
P02,stim_B_03.png,5852,519,129,1536,738
P02,stim_B_03.png,5887,521,129,1536,738
P02,stim_B_03.png,5920,522,129,1536,738
P02,stim_B_03.png,5953,526,130,1536,738
P02,stim_B_03.png,5989,531,131,1536,738
P02,stim_A_03.png,34,490,122,1536,738
P02,stim_A_03.png,67,498,123,1536,738
P02,stim_A_03.png,102,508,126,1536,738
P02,stim_A_03.png,133,515,128,1536,738
P02,stim_A_03.png,166,521,129,1536,738
P02,stim_A_03.png,199,525,130,1536,738
P02,stim_A_03.png,232,531,132,1536,738
P02,stim_A_03.png,265,535,133,1536,738
P02,stim_A_03.png,298,538,133,1536,738
P02,stim_A_03.png,332,539,134,1536,738
P02,stim_A_03.png,365,538,133,1536,738
P02,stim_A_03.png,397,540,134,1536,738
P02,stim_A_03.png,429,533,132,1536,738
P02,stim_A_03.png,462,530,131,1536,738
P02,stim_A_03.png,496,528,131,1536,738
P02,stim_A_03.png,531,525,130,1536,738
P02,stim_A_03.png,565,529,131,1536,738
P02,stim_A_03.png,598,529,131,1536,738
P02,stim_A_03.png,630,527,130,1536,738
P02,stim_A_03.png,665,528,130,1536,738
P02,stim_A_03.png,699,522,129,1536,738
P02,stim_A_03.png,731,510,126,1536,738
P02,stim_A_03.png,767,501,124,1536,738
P02,stim_A_03.png,800,486,120,1536,738
P02,stim_A_03.png,834,483,119,1536,738
P02,stim_A_03.png,867,484,120,1536,738
P02,stim_A_03.png,900,485,120,1536,738
P02,stim_A_03.png,935,488,121,1536,738
P02,stim_A_03.png,967,496,123,1536,738
P02,stim_A_03.png,998,501,124,1536,738
P02,stim_A_03.png,1030,502,124,1536,738
P02,stim_A_03.png,1062,510,126,1536,738
P02,stim_A_03.png,1094,517,128,1536,738
P02,stim_A_03.png,1130,526,130,1536,738
P02,stim_A_03.png,1163,534,132,1536,738
P02,stim_A_03.png,1196,539,134,1536,738
P02,stim_A_03.png,1229,546,135,1536,738
P02,stim_A_03.png,1262,548,136,1536,738
P02,stim_A_03.png,1297,548,136,1536,738
P02,stim_A_03.png,1329,542,134,1536,738
P02,stim_A_03.png,1361,538,133,1536,738
P02,stim_A_03.png,1397,537,133,1536,738
P02,stim_A_03.png,1430,524,130,1536,738
P02,stim_A_03.png,1463,518,129,1536,738
P02,stim_A_03.png,1494,514,128,1536,738
P02,stim_A_03.png,1529,515,128,1536,738
P02,stim_A_03.png,1563,517,129,1536,738
P02,stim_A_03.png,1595,511,127,1536,738
P02,stim_A_03.png,1628,507,126,1536,738
P02,stim_A_03.png,1664,510,126,1536,738
P02,stim_A_03.png,1698,503,125,1536,738
P02,stim_A_03.png,1732,505,125,1536,738
P02,stim_A_03.png,1767,508,126,1536,738
P02,stim_A_03.png,1807,505,125,1536,738
P02,stim_A_03.png,1839,514,128,1536,738
P02,stim_A_03.png,1874,518,129,1536,738
P02,stim_A_03.png,1907,528,131,1536,738
P02,stim_A_03.png,1940,532,132,1536,738
P02,stim_A_03.png,1973,541,134,1536,738
P02,stim_A_03.png,2005,542,134,1536,738
P02,stim_A_03.png,2037,544,135,1536,738
P02,stim_A_03.png,2070,543,135,1536,738
P02,stim_A_03.png,2102,545,135,1536,738
P02,stim_A_03.png,2135,546,135,1536,738
P02,stim_A_03.png,2167,545,135,1536,738
P02,stim_A_03.png,2200,543,134,1536,738
P02,stim_A_03.png,2233,536,133,1536,738
P02,stim_A_03.png,2267,535,132,1536,738
P02,stim_A_03.png,2298,528,131,1536,738
P02,stim_A_03.png,2332,523,130,1536,738
P02,stim_A_03.png,2365,513,127,1536,738
P02,stim_A_03.png,2397,510,127,1536,738
P02,stim_A_03.png,2428,513,127,1536,738
P02,stim_A_03.png,2461,517,128,1536,738
P02,stim_A_03.png,2496,517,128,1536,738
P02,stim_A_03.png,2528,522,130,1536,738
P02,stim_A_03.png,2562,527,131,1536,738
P02,stim_A_03.png,2595,528,131,1536,738
P02,stim_A_03.png,2628,524,130,1536,738
P02,stim_A_03.png,2665,522,130,1536,738
P02,stim_A_03.png,2698,522,130,1536,738
P02,stim_A_03.png,2731,527,131,1536,738
P02,stim_A_03.png,2763,527,131,1536,738
P02,stim_A_03.png,2798,524,130,1536,738
P02,stim_A_03.png,2829,515,127,1536,738
P02,stim_A_03.png,2862,514,127,1536,738
P02,stim_A_03.png,2896,523,129,1536,738
P02,stim_A_03.png,2928,521,129,1536,738
P02,stim_A_03.png,2961,514,127,1536,738
P02,stim_A_03.png,2996,509,126,1536,738
P02,stim_A_03.png,3029,506,125,1536,738
P02,stim_A_03.png,3063,504,125,1536,738
P02,stim_A_03.png,3096,498,123,1536,738
P02,stim_A_03.png,3129,494,122,1536,738
P02,stim_A_03.png,3163,487,120,1536,738
P02,stim_A_03.png,3195,485,120,1536,738
P02,stim_A_03.png,3228,481,119,1536,738
P02,stim_A_03.png,3262,481,119,1536,738
P02,stim_A_03.png,3296,491,122,1536,738
P02,stim_A_03.png,3327,500,124,1536,738
P02,stim_A_03.png,3362,507,125,1536,738
P02,stim_A_03.png,3395,504,125,1536,738
P02,stim_A_03.png,3429,497,123,1536,738
P02,stim_A_03.png,3463,496,123,1536,738
P02,stim_A_03.png,3495,505,125,1536,738
P02,stim_A_03.png,3529,516,128,1536,738
P02,stim_A_03.png,3561,521,129,1536,738
P02,stim_A_03.png,3598,495,122,1536,738
P02,stim_A_03.png,3630,506,125,1536,738
P02,stim_A_03.png,3664,517,128,1536,738
P02,stim_A_03.png,3698,522,129,1536,738
P02,stim_A_03.png,3731,522,129,1536,738
P02,stim_A_03.png,3763,526,130,1536,738
P02,stim_A_03.png,3795,526,130,1536,738
P02,stim_A_03.png,3829,522,129,1536,738
P02,stim_A_03.png,3863,523,129,1536,738
P02,stim_A_03.png,3896,534,132,1536,738
P02,stim_A_03.png,3929,539,133,1536,738
P02,stim_A_03.png,3964,548,135,1536,738
P02,stim_A_03.png,3997,554,137,1536,738
P02,stim_A_03.png,4029,563,139,1536,738
P02,stim_A_03.png,4060,564,139,1536,738
P02,stim_A_03.png,4097,558,138,1536,738
P02,stim_A_03.png,4132,556,137,1536,738
P02,stim_A_03.png,4164,555,137,1536,738
P02,stim_A_03.png,4196,554,137,1536,738
P02,stim_A_03.png,4228,553,137,1536,738
P02,stim_A_03.png,4262,556,138,1536,738
P02,stim_A_03.png,4296,559,139,1536,738
P02,stim_A_03.png,4327,567,140,1536,738
P02,stim_A_03.png,4363,566,141,1536,738
P02,stim_A_03.png,4401,576,143,1536,738
P02,stim_A_03.png,4435,583,145,1536,738
P02,stim_A_03.png,4469,590,147,1536,738
P02,stim_A_03.png,4503,589,147,1536,738
P02,stim_A_03.png,4538,591,147,1536,738
P02,stim_A_03.png,4572,592,147,1536,738
P02,stim_A_03.png,4606,585,145,1536,738
P02,stim_A_03.png,4639,569,141,1536,738
P02,stim_A_03.png,4672,555,137,1536,738
P02,stim_A_03.png,4705,549,136,1536,738
P02,stim_A_03.png,4741,547,135,1536,738
P02,stim_A_03.png,4775,546,135,1536,738
P02,stim_A_03.png,4816,547,135,1536,738
P02,stim_A_03.png,4849,556,137,1536,738
P02,stim_A_03.png,4881,560,138,1536,738
P02,stim_A_03.png,4913,568,140,1536,738
P02,stim_A_03.png,4946,569,140,1536,738
P02,stim_A_03.png,4978,567,140,1536,738
P02,stim_A_03.png,5010,562,139,1536,738
P02,stim_A_03.png,5045,556,137,1536,738
P02,stim_A_03.png,5080,550,136,1536,738
P02,stim_A_03.png,5114,552,136,1536,738
P02,stim_A_03.png,5148,556,137,1536,738
P02,stim_A_03.png,5180,561,138,1536,738
P02,stim_A_03.png,5212,569,141,1536,738
P02,stim_A_03.png,5244,572,142,1536,738
P02,stim_A_03.png,5277,580,144,1536,738
P02,stim_A_03.png,5312,577,143,1536,738
P02,stim_A_03.png,5344,573,142,1536,738
P02,stim_A_03.png,5379,573,142,1536,738
P02,stim_A_03.png,5412,572,141,1536,738
P02,stim_A_03.png,5446,577,143,1536,738
P02,stim_A_03.png,5479,582,144,1536,738
P02,stim_A_03.png,5512,581,144,1536,738
P02,stim_A_03.png,5545,579,143,1536,738
P02,stim_A_03.png,5578,582,144,1536,738
P02,stim_A_03.png,5612,583,144,1536,738
P02,stim_A_03.png,5644,583,144,1536,738
P02,stim_A_03.png,5678,585,145,1536,738
P02,stim_A_03.png,5711,590,146,1536,738
P02,stim_A_03.png,5745,591,146,1536,738
P02,stim_A_03.png,5780,600,148,1536,738
P02,stim_A_03.png,5814,611,151,1536,738
P02,stim_A_03.png,5846,616,152,1536,738
P02,stim_A_03.png,5878,621,154,1536,738
P02,stim_A_03.png,5912,620,153,1536,738
P02,stim_A_03.png,5947,616,152,1536,738
P02,stim_A_03.png,5980,616,153,1536,738
P02,stim_A_03.png,6012,619,153,1536,738
P02,stim_B_01.png,13,572,141,1536,738
P02,stim_B_01.png,47,567,140,1536,738
P02,stim_B_01.png,79,557,138,1536,738
P02,stim_B_01.png,112,551,136,1536,738
P02,stim_B_01.png,145,548,136,1536,738
P02,stim_B_01.png,180,553,137,1536,738
P02,stim_B_01.png,216,553,137,1536,738
P02,stim_B_01.png,250,558,139,1536,738
P02,stim_B_01.png,282,561,139,1536,738
P02,stim_B_01.png,315,570,141,1536,738
P02,stim_B_01.png,348,575,143,1536,738
P02,stim_B_01.png,382,579,144,1536,738
P02,stim_B_01.png,415,586,145,1536,738
P02,stim_B_01.png,447,586,145,1536,738
P02,stim_B_01.png,479,586,145,1536,738
P02,stim_B_01.png,512,583,144,1536,738
P02,stim_B_01.png,546,581,144,1536,738
P02,stim_B_01.png,580,584,144,1536,738
P02,stim_B_01.png,615,569,140,1536,738
P02,stim_B_01.png,649,548,135,1536,738
P02,stim_B_01.png,681,536,132,1536,738
P02,stim_B_01.png,715,535,132,1536,738
P02,stim_B_01.png,747,530,131,1536,738
P02,stim_B_01.png,778,517,128,1536,738
P02,stim_B_01.png,810,515,127,1536,738
P02,stim_B_01.png,843,513,127,1536,738
P02,stim_B_01.png,875,517,128,1536,738
P02,stim_B_01.png,907,527,130,1536,738
P02,stim_B_01.png,942,539,133,1536,738
P02,stim_B_01.png,974,545,135,1536,738
P02,stim_B_01.png,1008,533,132,1536,738
P02,stim_B_01.png,1041,539,133,1536,738
P02,stim_B_01.png,1074,486,120,1536,738
P02,stim_B_01.png,1107,494,122,1536,738
P02,stim_B_01.png,1141,469,116,1536,738
P02,stim_B_01.png,1174,487,121,1536,738
P02,stim_B_01.png,1208,506,125,1536,738
P02,stim_B_01.png,1241,516,128,1536,738
P02,stim_B_01.png,1278,526,130,1536,738
P02,stim_B_01.png,1311,535,132,1536,738
P02,stim_B_01.png,1346,537,132,1536,738
P02,stim_B_01.png,1380,541,134,1536,738
P02,stim_B_01.png,1414,540,133,1536,738
P02,stim_B_01.png,1446,545,135,1536,738
P02,stim_B_01.png,1478,553,137,1536,738
P02,stim_B_01.png,1512,561,138,1536,738
P02,stim_B_01.png,1546,569,141,1536,738
P02,stim_B_01.png,1578,574,142,1536,738
P02,stim_B_01.png,1612,577,142,1536,738
P02,stim_B_01.png,1645,579,143,1536,738
P02,stim_B_01.png,1678,579,143,1536,738
P02,stim_B_01.png,1714,575,142,1536,738
P02,stim_B_01.png,1746,568,141,1536,738
P02,stim_B_01.png,1780,562,139,1536,738
P02,stim_B_01.png,1813,556,138,1536,738
P02,stim_B_01.png,1847,549,136,1536,738
P02,stim_B_01.png,1881,544,135,1536,738
P02,stim_B_01.png,1912,542,134,1536,738
P02,stim_B_01.png,1944,539,134,1536,738
P02,stim_B_01.png,1977,533,132,1536,738
P02,stim_B_01.png,2010,527,131,1536,738
P02,stim_B_01.png,2047,518,128,1536,738
P02,stim_B_01.png,2079,514,127,1536,738
P02,stim_B_01.png,2112,507,125,1536,738
P02,stim_B_01.png,2145,500,124,1536,738
P02,stim_B_01.png,2178,492,122,1536,738
P02,stim_B_01.png,2215,483,119,1536,738
P02,stim_B_01.png,2247,481,119,1536,738
P02,stim_B_01.png,2281,465,115,1536,738
P02,stim_B_01.png,2314,449,111,1536,738
P02,stim_B_01.png,2346,435,107,1536,738
P02,stim_B_01.png,2379,431,107,1536,738
P02,stim_B_01.png,2411,425,105,1536,738
P02,stim_B_01.png,2444,415,103,1536,738
P02,stim_B_01.png,2478,420,104,1536,738
P02,stim_B_01.png,2511,436,108,1536,738
P02,stim_B_01.png,2543,440,109,1536,738
P02,stim_B_01.png,2583,448,111,1536,738
P02,stim_B_01.png,2616,456,113,1536,738
P02,stim_B_01.png,2651,465,115,1536,738
P02,stim_B_01.png,2686,472,117,1536,738
P02,stim_B_01.png,2719,476,118,1536,738
P02,stim_B_01.png,2753,472,117,1536,738
P02,stim_B_01.png,2787,475,117,1536,738
P02,stim_B_01.png,2821,475,117,1536,738
P02,stim_B_01.png,2856,474,117,1536,738
P02,stim_B_01.png,2891,483,120,1536,738
P02,stim_B_01.png,2924,488,121,1536,738
P02,stim_B_01.png,2958,492,122,1536,738
P02,stim_B_01.png,2990,498,123,1536,738
P02,stim_B_01.png,3023,507,126,1536,738
P02,stim_B_01.png,3060,521,129,1536,738
P02,stim_B_01.png,3095,527,131,1536,738
P02,stim_B_01.png,3128,524,130,1536,738
P02,stim_B_01.png,3160,522,130,1536,738
P02,stim_B_01.png,3194,519,129,1536,738
P02,stim_B_01.png,3225,506,126,1536,738
P02,stim_B_01.png,3259,492,122,1536,738
P02,stim_B_01.png,3291,484,120,1536,738
P02,stim_B_01.png,3324,472,117,1536,738
P02,stim_B_01.png,3357,473,117,1536,738
P02,stim_B_01.png,3391,471,117,1536,738
P02,stim_B_01.png,3426,477,118,1536,738
P02,stim_B_01.png,3459,477,118,1536,738
P02,stim_B_01.png,3491,481,119,1536,738
P02,stim_B_01.png,3524,492,121,1536,738
P02,stim_B_01.png,3558,489,120,1536,738
P02,stim_B_01.png,3590,490,121,1536,738
P02,stim_B_01.png,3625,488,120,1536,738
P02,stim_B_01.png,3658,488,120,1536,738
P02,stim_B_01.png,3689,490,121,1536,738
P02,stim_B_01.png,3724,477,117,1536,738
P02,stim_B_01.png,3759,475,117,1536,738
P02,stim_B_01.png,3793,440,109,1536,738
P02,stim_B_01.png,3827,412,102,1536,738
P02,stim_B_01.png,3860,385,95,1536,738
P02,stim_B_01.png,3892,358,88,1536,738
P02,stim_B_01.png,3925,361,89,1536,738
P02,stim_B_01.png,3957,366,90,1536,738
P02,stim_B_01.png,3990,374,92,1536,738
P02,stim_B_01.png,4024,368,91,1536,738
P02,stim_B_01.png,4058,346,85,1536,738
P02,stim_B_01.png,4090,344,85,1536,738
P02,stim_B_01.png,4126,371,92,1536,738
P02,stim_B_01.png,4160,349,86,1536,738
P02,stim_B_01.png,4192,382,95,1536,738
P02,stim_B_01.png,4226,393,97,1536,738
P02,stim_B_01.png,4259,399,99,1536,738
P02,stim_B_01.png,4293,411,102,1536,738
P02,stim_B_01.png,4326,424,105,1536,738
P02,stim_B_01.png,4358,442,109,1536,738
P02,stim_B_01.png,4390,458,114,1536,738
P02,stim_B_01.png,4424,472,117,1536,738
P02,stim_B_01.png,4457,476,118,1536,738
P02,stim_B_01.png,4490,476,118,1536,738
P02,stim_B_01.png,4524,482,119,1536,738
P02,stim_B_01.png,4555,488,121,1536,738
P02,stim_B_01.png,4592,501,124,1536,738
P02,stim_B_01.png,4626,508,126,1536,738
P02,stim_B_01.png,4658,518,128,1536,738
P02,stim_B_01.png,4691,530,131,1536,738
P02,stim_B_01.png,4722,535,132,1536,738
P02,stim_B_01.png,4758,534,132,1536,738
P02,stim_B_01.png,4791,535,132,1536,738
P02,stim_B_01.png,4825,540,134,1536,738
P02,stim_B_01.png,4858,528,131,1536,738
P02,stim_B_01.png,4889,519,128,1536,738
P02,stim_B_01.png,4926,502,124,1536,738
P02,stim_B_01.png,4959,494,122,1536,738
P02,stim_B_01.png,4991,481,119,1536,738
P02,stim_B_01.png,5024,475,118,1536,738
P02,stim_B_01.png,5057,469,116,1536,738
P02,stim_B_01.png,5089,459,114,1536,738
P02,stim_B_01.png,5126,452,112,1536,738
P02,stim_B_01.png,5159,449,111,1536,738
P02,stim_B_01.png,5192,447,111,1536,738
P02,stim_B_01.png,5228,447,111,1536,738
P02,stim_B_01.png,5262,449,111,1536,738
P02,stim_B_01.png,5303,449,111,1536,738
P02,stim_B_01.png,5337,453,112,1536,738
P02,stim_B_01.png,5374,456,113,1536,738
P02,stim_B_01.png,5406,461,114,1536,738
P02,stim_B_01.png,5440,467,116,1536,738
P02,stim_B_01.png,5474,472,117,1536,738
P02,stim_B_01.png,5506,473,117,1536,738
P02,stim_B_01.png,5540,472,117,1536,738
P02,stim_B_01.png,5574,474,117,1536,738
P02,stim_B_01.png,5606,472,117,1536,738
P02,stim_B_01.png,5640,477,118,1536,738
P02,stim_B_01.png,5674,475,118,1536,738
P02,stim_B_01.png,5707,467,116,1536,738
P02,stim_B_01.png,5741,455,113,1536,738
P02,stim_B_01.png,5923,450,111,1536,738
P02,stim_B_01.png,5970,446,110,1536,738
P02,stim_B_01.png,6004,436,108,1536,738
P02,stim_A_01.png,13,476,118,1536,738
P02,stim_A_01.png,46,468,116,1536,738
P02,stim_A_01.png,81,465,115,1536,738
P02,stim_A_01.png,113,468,116,1536,738
P02,stim_A_01.png,146,469,116,1536,738
P02,stim_A_01.png,180,468,116,1536,738
P02,stim_A_01.png,213,476,118,1536,738
P02,stim_A_01.png,245,485,120,1536,738
P02,stim_A_01.png,278,492,121,1536,738
P02,stim_A_01.png,309,499,123,1536,738
P02,stim_A_01.png,347,508,126,1536,738
P02,stim_A_01.png,380,512,126,1536,738
P02,stim_A_01.png,411,515,127,1536,738
P02,stim_A_01.png,444,524,129,1536,738
P02,stim_A_01.png,477,517,128,1536,738
P02,stim_A_01.png,509,524,129,1536,738
P02,stim_A_01.png,545,526,130,1536,738
P02,stim_A_01.png,578,516,128,1536,738
P02,stim_A_01.png,610,514,127,1536,738
P02,stim_A_01.png,643,512,127,1536,738
P02,stim_A_01.png,677,516,128,1536,738
P02,stim_A_01.png,711,500,124,1536,738
P02,stim_A_01.png,746,450,111,1536,738
P02,stim_A_01.png,779,406,101,1536,738
P02,stim_A_01.png,813,370,92,1536,738
P02,stim_A_01.png,847,338,84,1536,738
P02,stim_A_01.png,881,317,78,1536,738
P02,stim_A_01.png,915,306,76,1536,738
P02,stim_A_01.png,949,296,73,1536,738
P02,stim_A_01.png,980,292,72,1536,738
P02,stim_A_01.png,1019,298,74,1536,738
P02,stim_A_01.png,1055,295,73,1536,738
P02,stim_A_01.png,1088,297,73,1536,738
P02,stim_A_01.png,1120,297,73,1536,738
P02,stim_A_01.png,1154,306,76,1536,738
P02,stim_A_01.png,1186,311,77,1536,738
P02,stim_A_01.png,1219,318,78,1536,738
P02,stim_A_01.png,1253,326,81,1536,738
P02,stim_A_01.png,1289,334,82,1536,738
P02,stim_A_01.png,1323,337,83,1536,738
P02,stim_A_01.png,1355,335,83,1536,738
P02,stim_A_01.png,1389,350,86,1536,738
P02,stim_A_01.png,1421,356,88,1536,738
P02,stim_A_01.png,1455,347,86,1536,738
P02,stim_A_01.png,1488,385,95,1536,738
P02,stim_A_01.png,1522,387,95,1536,738
P02,stim_A_01.png,1555,412,102,1536,738
P02,stim_A_01.png,1588,439,108,1536,738
P02,stim_A_01.png,1621,462,114,1536,738
P02,stim_A_01.png,1655,481,119,1536,738
P02,stim_A_01.png,1689,502,124,1536,738
P02,stim_A_01.png,1723,519,128,1536,738
P02,stim_A_01.png,1755,531,131,1536,738
P02,stim_A_01.png,1789,555,137,1536,738
P02,stim_A_01.png,1822,573,141,1536,738
P02,stim_A_01.png,1855,568,140,1536,738
P02,stim_A_01.png,1890,566,140,1536,738
P02,stim_A_01.png,1923,562,139,1536,738
P02,stim_A_01.png,1955,556,137,1536,738
P02,stim_A_01.png,1989,554,137,1536,738
P02,stim_A_01.png,2024,553,136,1536,738
P02,stim_A_01.png,2063,551,136,1536,738
P02,stim_A_01.png,2095,534,132,1536,738
P02,stim_A_01.png,2127,521,129,1536,738
P02,stim_A_01.png,2160,513,127,1536,738
P02,stim_A_01.png,2195,512,127,1536,738
P02,stim_A_01.png,2228,512,127,1536,738
P02,stim_A_01.png,2261,507,126,1536,738
P02,stim_A_01.png,2293,508,126,1536,738
P02,stim_A_01.png,2328,499,123,1536,738
P02,stim_A_01.png,2363,508,126,1536,738
P02,stim_A_01.png,2397,505,125,1536,738
P02,stim_A_01.png,2428,495,123,1536,738
P02,stim_A_01.png,2460,492,122,1536,738
P02,stim_A_01.png,2493,496,123,1536,738
P02,stim_A_01.png,2527,496,123,1536,738
P02,stim_A_01.png,2559,494,122,1536,738
P02,stim_A_01.png,2596,495,122,1536,738
P02,stim_A_01.png,2628,486,120,1536,738
P02,stim_A_01.png,2661,487,121,1536,738
P02,stim_A_01.png,2694,495,122,1536,738
P02,stim_A_01.png,2728,490,121,1536,738
P02,stim_A_01.png,2760,498,123,1536,738
P02,stim_A_01.png,2793,495,123,1536,738
P02,stim_A_01.png,2829,496,123,1536,738
P02,stim_A_01.png,2863,498,123,1536,738
P02,stim_A_01.png,2896,500,124,1536,738
P02,stim_A_01.png,2929,499,123,1536,738
P02,stim_A_01.png,2961,499,123,1536,738
P02,stim_A_01.png,2993,499,123,1536,738
P02,stim_A_01.png,3026,507,125,1536,738
P02,stim_A_01.png,3061,505,125,1536,738
P02,stim_A_01.png,3096,510,126,1536,738
P02,stim_A_01.png,3129,509,126,1536,738
P02,stim_A_01.png,3164,508,126,1536,738
P02,stim_A_01.png,3197,514,127,1536,738
P02,stim_A_01.png,3228,519,128,1536,738
P02,stim_A_01.png,3259,517,128,1536,738
P02,stim_A_01.png,3294,516,127,1536,738
P02,stim_A_01.png,3325,513,127,1536,738
P02,stim_A_01.png,3359,507,125,1536,738
P02,stim_A_01.png,3396,500,123,1536,738
P02,stim_A_01.png,3429,491,121,1536,738
P02,stim_A_01.png,3463,485,120,1536,738
P02,stim_A_01.png,3496,482,119,1536,738
P02,stim_A_01.png,3530,483,119,1536,738
P02,stim_A_01.png,3562,480,119,1536,738
P02,stim_A_01.png,3596,483,119,1536,738
P02,stim_A_01.png,3628,483,119,1536,738
P02,stim_A_01.png,3660,492,121,1536,738
P02,stim_A_01.png,3693,490,121,1536,738
P02,stim_A_01.png,3734,496,122,1536,738
P02,stim_A_01.png,3767,499,123,1536,738
P02,stim_A_01.png,3800,501,124,1536,738
P02,stim_A_01.png,3834,507,125,1536,738
P02,stim_A_01.png,3866,513,127,1536,738
P02,stim_A_01.png,3901,518,128,1536,738
P02,stim_A_01.png,3933,513,127,1536,738
P02,stim_A_01.png,3967,516,128,1536,738
P02,stim_A_01.png,4018,513,127,1536,738
P02,stim_A_01.png,4061,505,125,1536,738
P02,stim_A_01.png,4098,501,124,1536,738
P02,stim_A_01.png,4130,499,124,1536,738
P02,stim_A_01.png,4163,496,123,1536,738
P02,stim_A_01.png,4195,495,123,1536,738
P02,stim_A_01.png,4228,490,121,1536,738
P02,stim_A_01.png,4260,489,121,1536,738
P02,stim_A_01.png,4294,492,122,1536,738
P02,stim_A_01.png,4325,490,121,1536,738
P02,stim_A_01.png,4359,490,121,1536,738
P02,stim_A_01.png,4394,484,120,1536,738
P02,stim_A_01.png,4428,482,119,1536,738
P02,stim_A_01.png,4461,478,118,1536,738
P02,stim_A_01.png,4493,478,118,1536,738
P02,stim_A_01.png,4526,472,116,1536,738
P02,stim_A_01.png,4560,452,111,1536,738
P02,stim_A_01.png,4592,429,106,1536,738
P02,stim_A_01.png,4628,418,103,1536,738
P02,stim_A_01.png,4661,410,101,1536,738
P02,stim_A_01.png,4693,394,97,1536,738
P02,stim_A_01.png,4725,387,95,1536,738
P02,stim_A_01.png,4762,392,97,1536,738
P02,stim_A_01.png,4794,408,101,1536,738
P02,stim_A_01.png,4826,427,105,1536,738
P02,stim_A_01.png,4860,444,109,1536,738
P02,stim_A_01.png,4892,460,113,1536,738
P02,stim_A_01.png,4926,471,116,1536,738
P02,stim_A_01.png,4961,482,119,1536,738
P02,stim_A_01.png,4994,496,123,1536,738
P02,stim_A_01.png,5027,506,125,1536,738
P02,stim_A_01.png,5060,514,127,1536,738
P02,stim_A_01.png,5094,522,129,1536,738
P02,stim_A_01.png,5126,525,130,1536,738
P02,stim_A_01.png,5159,526,130,1536,738
P02,stim_A_01.png,5193,521,129,1536,738
P02,stim_A_01.png,5227,526,130,1536,738
P02,stim_A_01.png,5260,530,131,1536,738
P02,stim_A_01.png,5292,537,133,1536,738
P02,stim_A_01.png,5325,537,133,1536,738
P02,stim_A_01.png,5360,527,130,1536,738
P02,stim_A_01.png,5393,534,132,1536,738
P02,stim_A_01.png,5426,527,130,1536,738
P02,stim_A_01.png,5460,520,128,1536,738
P02,stim_A_01.png,5494,506,125,1536,738
P02,stim_A_01.png,5525,502,124,1536,738
P02,stim_A_01.png,5559,499,123,1536,738
P02,stim_A_01.png,5594,505,125,1536,738
P02,stim_A_01.png,5627,497,123,1536,738
P02,stim_A_01.png,5659,498,123,1536,738
P02,stim_A_01.png,5692,501,124,1536,738
P02,stim_A_01.png,5725,513,127,1536,738
P02,stim_A_01.png,5761,524,130,1536,738
P02,stim_A_01.png,5794,535,133,1536,738
P02,stim_A_01.png,5827,540,134,1536,738
P02,stim_A_01.png,5859,548,136,1536,738
P02,stim_A_01.png,5893,549,136,1536,738
P02,stim_A_01.png,5931,549,136,1536,738
P02,stim_A_01.png,5964,548,136,1536,738
P02,stim_A_01.png,5999,557,138,1536,738